{"cameraMode":{"drawMode":0,"name":"Shaded","section":"Shading Mode"},"sceneLighting":true,"audioPlay":false,"sceneViewState":{"showFog":true,"showMaterialUpdate":false,"showSkybox":true,"showFlares":true,"showImageEffects":true,"showParticleSystems":true},"in2DMode":false,"pivot":{"x":785.0969848632813,"y":300.09765625,"z":189.53717041015626},"rotation":{"x":-0.31800323724746706,"y":-0.44128158688545229,"z":0.17080675065517426,"w":-0.8215653896331787},"size":2172.2509765625,"orthographic":false}